Style,Price,Rating,Size,Season,NeckLine,SleeveLength,Waistline,Material,Decoration,Pattern Type,Recommendation
Sexy,Low,4.6,M,Summer,O-neck,Sleeveless,Empire,Silk,Ruffles,Animal,Yes
Casual,Low,3.9,L,Summer,O-neck,Petal,Natural,Microfiber,Ruffles,Animal,No
Vintage,High,4.9,L,Autumn,O-neck,Full,Natural,Polyster,null,Print,No
Brief,Average,4.6,L,Spring,O-neck,Full,Natural,Silk,Embroidary,Print,Yes
Cute,Low,4.5,M,Summer,O-neck,Butterfly,Natural,Chiffon,Bow,Dot,No
Bohemian,Low,3.8,M,Summer,V-neck,Sleeveless,Empire,Cotton,null,Print,No
Casual,Average,4.1,XL,Summer,O-neck,Full,?,Cotton,null,Solid,No
Novelty,Average,4,Free,Autumn,O-neck,Short,Natural,Polyster,Lace,Print,No
Flare,Average,4,Free,Spring,V-neck,Short,Empire,Cotton,Beading,Solid,Yes
Bohemian,Low,3.5,Free,Summer,V-neck,Sleeveless,Natural,Nylon,null,Animal,Yes
Party,Average,5,Free,Summer,O-neck,Full,Natural,Polyster,Lace,Solid,No
Flare,Average,4.7,Free,Spring,V-neck,Short,?,Nylon,null,Animal,No
Sexy,Low,4.7,M,Winter,O-neck,Threequarter,?,Silk,Lace,Print,Yes
Vintage,Average,4.8,M,Summer,O-neck,Short,Empire,Cotton,null,Animal,Yes
Casual,Low,5,M,Summer,Boat-neck,Short,?,Cotton,Sashes,Solid,No
Casual,Low,3.9,Free,Winter,Boat-neck,Full,?,Polyster,Lace,Print,No
Cute,Average,4.7,L,Spring,O-neck,Short,?,Cotton,Sashes,Solid,Yes
Bohemian,Medium,5,Free,Autumn,O-neck,Full,Natural,Polyster,Hollowout,Patchwork,Yes
Brief,Average,4.3,M,Winter,Peterpan-collor,Threequarter,Natural,Cotton,null,Patchwork,No
Sexy,Average,5,M,Autumn,O-neck,Sleeveless,Empire,Milksilk,null,Animal,Yes
Sexy,Average,4.5,L,Autumn,O-neck,Full,?,Cotton,Beading,Solid,No
Casual,Low,4.3,M,Summer,O-neck,Sleeveless,Natural,Silk,null,Solid,No
Brief,Low,4,XL,Summer,V-neck,Short,Natural,Cotton,Pockets,Solid,No
Sexy,Average,4.7,S,Summer,V-neck,Sleeveless,Empire,Cotton,Sequined,Solid,Yes
Sexy,Average,4.6,Free,Autumn,V-neck,Sleeveless,Natural,Polyster,Lace,Patchwork,No
Sexy,Average,4.4,M,Autumn,O-neck,Sleeveless,Empire,Cotton,null,Print,No
Sexy,Average,4.7,M,Spring,O-neck,Sleeveless,Natural,Polyster,null,Solid,Yes
Casual,Low,4.2,L,Summer,O-neck,Sleeveless,Natural,Cotton,null,Print,No
Cute,Low,4.3,Free,Autumn,O-neck,Sleeveless,Natural,Polyster,Sashes,Striped,No
Cute,Low,4.7,M,Spring,Ruffled,Short,Empire,Chiffon,Bow,Dot,Yes
Casual,Average,4.6,L,Autumn,O-neck,Sleeveless,Empire,Polyster,Ruffles,Solid,No
Casual,Low,4.1,M,Spring,O-neck,Sleeveless,Natural,Silk,Applique,Solid,Yes
Casual,Average,4.4,L,Autumn,O-neck,Sleeveless,Natural,Linen,Ruffles,Animal,No
Brief,Average,4.3,L,Spring,O-neck,Sleeveless,Empire,Linen,Bow,Solid,Yes
Party,High,4.7,M,Spring,O-neck,Threequarter,?,Polyster,null,Print,No
Casual,Low,4.6,Free,Winter,Boat-neck,Full,Natural,Cotton,null,Patchwork,Yes
Vintage,Average,4.6,Free,Winter,O-neck,Full,Natural,Cotton,null,Print,Yes
Brief,Average,4.7,M,Autumn,O-neck,Short,Natural,Cotton,null,Print,No
Party,Average,4.6,M,Winter,O-neck,Sleeveless,Natural,Cotton,Lace,Solid,Yes
Casual,Average,4.5,M,Spring,V-neck,Short,Empire,Cotton,Button,Solid,Yes
Brief,Average,5,Free,Spring,V-neck,Sleeveless,Natural,Cotton,Lace,Solid,Yes
Brief,Low,4.4,L,Autumn,O-neck,Half-sleeve,Natural,Rayon,Sashes,Solid,No
Casual,Average,4.8,M,Winter,O-neck,Short,Natural,Lycra,Applique,Patchwork,No
Casual,Low,4.8,Free,Spring,O-neck,Sleeveless,Natural,Cotton,null,Print,No
Vintage,Average,4.8,M,Winter,O-neck,Sleeveless,Natural,Cotton,null,Patchwork,Yes
Sexy,Average,4.9,M,Winter,O-neck,Short,Natural,Chiffon,Lace,Solid,No
Sexy,Average,4.8,L,Spring,V-neck,Threequarter,Empire,Polyster,Lace,Geometric,No
Casual,Average,4.9,M,Summer,O-neck,Half-sleeve,Natural,Cotton,Ruffles,Dot,Yes
Casual,Low,4.7,M,Summer,O-neck,Sleeveless,Empire,Milksilk,null,Solid,No
Casual,Medium,5,L,Winter,Boat-neck,Full,Empire,Silk,null,Solid,Yes
Sexy,Low,5,Free,Summer,V-neck,Sleeveless,Empire,Cotton,null,Animal,Yes
Casual,Low,4.3,Free,Summer,O-neck,Sleeveless,?,Milksilk,null,Animal,No
Casual,Average,3.9,L,Spring,O-neck,Half-sleeve,Natural,Polyster,Hollowout,Solid,Yes
Casual,Average,4.6,Free,Autumn,O-neck,Sleeveless,Natural,Polyster,Sashes,Solid,Yes
Sexy,Average,4.5,M,Spring,O-neck,Threequarter,Natural,Polyster,Lace,Geometric,No
Novelty,Average,4.8,S,Winter,Turndowncollor,Full,Natural,Cotton,null,Patchwork,No
Casual,Average,4.9,S,Winter,Turndowncollor,Full,Natural,Cotton,null,Solid,Yes
Sexy,Low,4.6,L,Autumn,O-neck,Sleeveless,Natural,Polyster,Lace,Solid,Yes
Bohemian,Low,4.5,M,Summer,V-neck,Sleeveless,Natural,Polyster,null,Print,Yes
Work,Average,?,M,Autumn,Slash-neck,Sleeveless,Natural,Polyster,Bow,Patchwork,No
Cute,High,?,M,Spring,V-neck,Full,Natural,Rayon,null,Solid,Yes
Casual,Average,?,Free,Spring,O-neck,Short,Natural,Cotton,Hollowout,Plaid,No
Casual,Average,5,M,Summer,O-neck,Short,Empire,Polyster,null,Animal,No
Casual,Average,4.7,M,Spring,O-neck,Sleeveless,Natural,Rayon,Sashes,Solid,No
Sexy,Low,4,S,Autumn,O-neck,Sleeveless,Empire,Cotton,null,Solid,Yes
Casual,Average,5,M,Autumn,V-neck,Short,Natural,Cotton,Beading,Solid,No
Casual,Low,?,Free,Summer,V-neck,Half-sleeve,Natural,Silk,Applique,Solid,No
Casual,Medium,4.5,S,Winter,O-neck,Full,Natural,Polyster,null,Patchwork,Yes
Work,Average,4.8,L,Summer,V-neck,Short,Natural,Polyster,Hollowout,Solid,No
Casual,Medium,?,M,Autumn,V-neck,Short,Empire,Polyster,null,Solid,No
Bohemian,Average,5,Free,Summer,V-neck,Sleeveless,Natural,Cotton,null,Print,Yes
Sexy,Low,?,M,Spring,V-neck,Short,Natural,Polyster,Ruffles,Solid,Yes
Sexy,Average,4.2,M,Winter,V-neck,Sleeveless,Natural,Cotton,null,Solid,No
Casual,Low,4.8,Free,Spring,O-neck,Full,Natural,Cotton,Lace,Solid,No
Casual,Low,4.4,S,Autumn,O-neck,Sleeveless,Natural,Polyster,null,Solid,No
Casual,Low,4.7,L,Spring,O-neck,Short,?,Chiffon,Bow,Dot,No
Casual,Average,5,XL,Winter,Boat-neck,Full,?,Cotton,null,Geometric,Yes
Casual,Low,?,Free,Spring,V-neck,Sleeveless,?,Cotton,null,Print,No
Casual,Average,?,Free,Spring,O-neck,Sleeveless,Natural,Cotton,null,Solid,No
Bohemian,Very-high,4.7,Free,Winter,V-neck,Sleeveless,?,Polyster,null,Dot,Yes
Casual,Low,5,M,Summer,V-neck,Sleeveless,Empire,Polyster,Ruffles,Animal,No
Party,Average,4.7,M,Spring,V-neck,Sleeveless,Natural,Polyster,Hollowout,Solid,No
Sexy,Low,5,Free,Spring,O-neck,Full,Natural,Cotton,null,Striped,No
Vintage,Low,4.6,M,Summer,O-neck,Short,Natural,Silk,null,Print,No
Casual,Average,?,Free,Winter,O-neck,Half-sleeve,Empire,Polyster,Hollowout,Solid,No
Casual,Low,4.9,L,Summer,Boat-neck,Short,?,Polyster,null,Patchwork,Yes
Casual,Low,?,S,Autumn,O-neck,Full,Natural,Polyster,Beading,Solid,Yes
Sexy,Average,4,S,Autumn,V-neck,Sleeveless,?,Rayon,null,Patchwork,Yes
Sexy,Low,5,M,Autumn,O-neck,Full,Natural,Cotton,Lace,Print,Yes
Brief,Average,4.6,M,Winter,Peterpan-collor,Threequarter,?,Cotton,null,Solid,No
Casual,Average,?,L,Spring,Boat-neck,Sleeveless,Natural,Cotton,Applique,Patchwork,Yes
Casual,Average,4.8,L,Winter,O-neck,Short,Natural,Cotton,Pockets,Solid,Yes
OL,Medium,?,M,Winter,Mandarin-collor,Half-sleeve,Natural,Cotton,Sashes,Solid,No
Sexy,Low,4.8,M,Spring,O-neck,Half-sleeve,Natural,Silk,null,Solid,No
Casual,Medium,?,S,Spring,V-neck,Full,?,Silk,null,Animal,Yes
Casual,Medium,?,M,Spring,V-neck,Threequarter,Natural,Silk,Ruffles,Solid,Yes
Casual,Average,?,M,Spring,O-neck,Sleeveless,Natural,Silk,null,Print,No
Casual,Average,?,Free,Winter,V-neck,Full,Natural,Cotton,Ruffles,Print,No
Vintage,Low,4.8,S,Summer,O-neck,Short,Natural,Silk,Ruffles,Print,No
Sexy,Low,4.8,L,Summer,V-neck,Full,Natural,Cotton,Applique,Print,Yes
Fashion,Average,4,Free,Summer,Open,Full,?,Cotton,Sequined,Solid,No
Casual,Average,4.7,L,Summer,V-neck,Short,Natural,Polyster,null,Print,Yes
Casual,Low,?,Free,Winter,O-neck,Half-sleeve,Natural,Polyster,null,Patchwork,Yes
Bohemian,Low,4.8,Free,Summer,O-neck,Short,?,Cotton,null,Animal,Yes
Work,Medium,4.6,L,Winter,Square-collor,Short,Empire,Cotton,Tiered,Solid,No
Vintage,Average,4.7,L,Summer,O-neck,Short,Natural,Cotton,Button,Solid,No
Cute,Low,4.7,M,Spring,O-neck,Short,Empire,Polyster,Ruffles,Dot,Yes
Casual,Low,4.6,Free,Autumn,O-neck,Full,Natural,Cotton,null,Solid,Yes
Casual,Medium,?,Free,Spring,O-neck,Sleeveless,Natural,Cotton,Sequined,Solid,Yes
Casual,Average,4.7,L,Autumn,O-neck,Half-sleeve,?,Polyster,Lace,Solid,No
Sexy,Average,?,L,Autumn,V-neck,Sleeveless,Empire,Polyster,null,Patchwork,No
Casual,Low,4.7,Free,Winter,O-neck,Sleeveless,Natural,Cotton,null,Solid,Yes
Casual,Average,?,M,Autumn,O-neck,Short,Empire,Polyster,Applique,Print,No
Cute,Average,4.8,L,Autumn,Slash-neck,Sleeveless,Natural,Cotton,Hollowout,Solid,No
Party,Average,5,M,Spring,O-neck,Half-sleeve,Natural,Rayon,null,Dot,Yes
Cute,Average,4.3,L,Winter,O-neck,Sleeveless,Natural,Silk,null,Solid,No
Casual,Average,4.5,L,Spring,O-neck,Short,Natural,Cotton,null,Patchwork,No
Casual,Low,4.7,L,Autumn,O-neck,Full,?,Cotton,Lace,Print,No
Casual,Low,4.5,Free,Autumn,V-neck,Short,Natural,Silk,Lace,Solid,No
Sexy,Average,3.6,L,Winter,V-neck,Full,Natural,Polyster,Beading,Solid,Yes
Work,Average,4.8,L,Winter,V-neck,Short,Natural,Mix,Lace,Solid,No
Vintage,Average,?,Free,Summer,O-neck,Sleeveless,?,Mix,null,Print,No
Sexy,Low,4.6,Free,Spring,O-neck,Full,Natural,Rayon,Lace,Leopard,Yes
Sexy,Low,?,Free,Winter,V-neck,Sleeveless,Empire,Cotton,null,Solid,Yes
Work,Average,4.6,L,Spring,O-neck,Short,Empire,Cotton,null,Patchwork,No
Casual,Average,4.4,M,Summer,O-neck,Short,Empire,Linen,Lace,Patchwork,No
Cute,Low,4.9,M,Autumn,O-neck,Short,Natural,Chiffon,Bow,Dot,No
Sexy,Low,4.6,Free,Summer,V-neck,Sleeveless,Natural,Cotton,Beading,Solid,No
Party,Average,4.4,Free,Autumn,V-neck,Threequarter,Natural,Chiffon,null,Solid,No
Casual,Average,?,Free,Spring,O-neck,Short,?,Cotton,Lace,Dot,Yes
Casual,Low,?,M,Summer,V-neck,Full,Natural,Acrylic,Lace,Solid,No
Sexy,Average,4.6,M,Winter,O-neck,Full,Natural,Polyster,null,Patchwork,Yes
Work,Average,4.6,M,Spring,V-neck,Full,?,Acrylic,null,Print,No
Cute,Average,4.7,L,Winter,O-neck,Sleeveless,Natural,Chiffon,Lace,Solid,No
Bohemian,Average,4.7,L,Autumn,O-neck,Sleeveless,Natural,Acrylic,null,Solid,No
Cute,High,?,M,Winter,O-neck,Threequarter,Empire,Silk,Lace,Patchwork,No
Casual,Average,?,XL,Winter,O-neck,Short,Empire,Polyster,Button,Solid,No
Novelty,Average,4.9,L,Autumn,O-neck,Short,Natural,Polyster,null,Print,Yes
Casual,Low,4.7,M,Autumn,O-neck,Full,?,Cotton,null,Solid,No
Cute,Average,4.3,Free,Summer,Boat-neck,Sleeveless,?,Silk,null,Dot,Yes
Sexy,Low,?,Free,Autumn,Slash-neck,Short,Empire,Cotton,Hollowout,Solid,No
Cute,Low,4.7,XL,Summer,O-neck,Short,Empire,Chiffon,Bow,Print,No
Sexy,Low,4.5,L,Spring,O-neck,Sleeveless,?,Linen,Lace,Solid,No
Casual,Average,4.7,M,Autumn,O-neck,Sleeveless,?,Cotton,null,Animal,Yes
Casual,Average,?,L,Spring,Boat-neck,Sleeveless,Natural,Cotton,Lace,Solid,Yes
Cute,Low,4.7,Free,Summer,O-neck,Sleeveless,?,Rayon,null,Print,Yes
Casual,Low,4.4,Free,Summer,Turndowncollor,Sleeveless,Natural,Cotton,null,Solid,No
Casual,Average,4.8,L,Winter,V-neck,Short,Empire,Polyster,Ruffles,Solid,No
Vintage,Average,4.3,Free,Winter,O-neck,Short,?,Chiffon,null,Print,No
Cute,Low,4.5,L,Summer,O-neck,Sleeveless,Natural,Cotton,Sashes,Solid,Yes
Casual,Average,4.4,M,Summer,Turndowncollor,Sleeveless,Natural,Chiffon,null,Solid,No
Vintage,Medium,?,S,Winter,Turndowncollor,Half-sleeve,Natural,Cotton,null,Plaid,No
Sexy,Low,4.7,Free,Summer,Turndowncollor,Sleeveless,Natural,Cotton,null,Solid,Yes
Vintage,High,?,L,Summer,O-neck,Short,Natural,Cotton,null,Print,No
Casual,Low,?,Free,Spring,V-neck,Threequarter,?,Silk,Lace,Animal,Yes
Sexy,Average,?,S,Autumn,Slash-neck,Short,Natural,Silk,Lace,Solid,No
Casual,Low,?,Free,Spring,O-neck,Short,Natural,Chiffon,Hollowout,Solid,No
Cute,Medium,5,Free,Winter,O-neck,Sleeveless,Natural,Silk,Lace,Solid,Yes
Casual,Low,4.7,Free,Summer,O-neck,Sleeveless,?,Cotton,null,Print,No
Sexy,Low,4.8,Free,Spring,V-neck,Sleeveless,?,Rayon,Sequined,Solid,Yes
Casual,Average,4.5,L,Winter,O-neck,Short,Natural,Cotton,Bow,Patchwork,No
Vintage,Average,?,S,Spring,O-neck,Full,Natural,Mix,Embroidary,Print,No
Casual,Average,3.7,Free,Autumn,Boat-neck,Full,?,Linen,null,Solid,Yes
Vintage,Average,4.8,L,Winter,O-neck,Sleeveless,Natural,Cotton,null,Patchwork,No
Cute,Average,?,XL,Spring,Boat-neck,Full,?,Cotton,Applique,Dot,Yes
Casual,Average,?,L,Winter,Open,Short,Natural,Mix,Applique,Solid,Yes
Sexy,Medium,5,M,Winter,O-neck,Sleeveless,Empire,Polyster,Bow,Solid,No
Brief,Average,4.9,Free,Summer,Slash-neck,Sleeveless,Natural,Linen,null,Solid,No
Casual,High,4.9,S,Spring,O-neck,Threequarter,Natural,Linen,null,Dot,Yes
Brief,Average,4.6,Free,Winter,O-neck,Full,Natural,Mix,Sashes,Solid,No
Casual,Low,4.5,Free,Winter,O-neck,Full,Natural,Mix,Applique,Solid,No
Casual,Low,4.8,XL,Summer,O-neck,Short,Empire,Mix,Sashes,Geometric,No
Sexy,Medium,4.6,L,Summer,O-neck,Short,Natural,Spandex,Lace,Solid,No
Casual,Average,4.5,M,Winter,V-neck,Sleeveless,Natural,Spandex,Button,Striped,No
Work,Average,?,S,Autumn,O-neck,Sleeveless,Natural,Linen,null,Patchwork,No
Casual,Low,?,L,Winter,O-neck,Sleeveless,Empire,Polyster,null,Leopard,No
Cute,Low,5,L,Winter,O-neck,Threequarter,Natural,Silk,Sashes,Print,No
Brief,Average,4.3,M,Spring,O-neck,Full,Natural,Mix,Sequined,Patchwork,Yes
Sexy,Low,4.4,Free,Autumn,O-neck,Full,Empire,Cotton,null,Leopard,No
Cute,Low,?,Free,Summer,Peterpan-collor,Short,Empire,Cotton,Applique,Print,No
Casual,Average,4.5,Free,Summer,O-neck,Short,Natural,Cotton,null,Solid,Yes
Sexy,Low,4.7,M,Winter,Slash-neck,Sleeveless,?,Nylon,Sashes,Solid,Yes
Casual,Low,4.7,Free,Spring,O-neck,Sleeveless,Empire,Cotton,null,Floral,No
Casual,Medium,4.8,M,Winter,Peterpan-collor,Short,Natural,Polyster,Lace,Patchwork,No
Sexy,Low,4.3,Free,Winter,V-neck,Sleeveless,Natural,Silk,Lace,Solid,Yes
Bohemian,Average,?,L,Winter,Turndowncollor,Full,Natural,Mix,null,Solid,No
Casual,Low,?,Free,Summer,O-neck,Full,Natural,Cotton,null,Patchwork,No
Cute,Medium,4.8,Free,Spring,Slash-neck,Sleeveless,Natural,Polyster,Sashes,Solid,Yes
Sexy,Average,?,S,Autumn,V-neck,Sleeveless,Empire,Cotton,Beading,Solid,No
Casual,Low,4.6,S,Spring,O-neck,Full,Natural,Cotton,null,Solid,Yes
Vintage,Medium,4.7,Free,Spring,Turndowncollor,Sleeveless,Natural,Mix,Lace,Solid,Yes
Work,Low,4.7,Free,Summer,O-neck,Full,Empire,Cotton,null,Solid,No
Cute,Average,4.8,M,Summer,O-neck,Short,Natural,Cotton,Rivet,Solid,No
Cute,Average,?,M,Summer,O-neck,Short,Natural,Cotton,null,Print,No
Casual,Average,4.7,M,Winter,O-neck,Full,?,Silk,null,Animal,No
Casual,Low,4.6,Free,Winter,O-neck,Full,Natural,Polyster,Applique,Solid,Yes
Party,Average,5,Free,Summer,V-neck,Sleeveless,?,Cotton,null,Print,No
Casual,Average,?,Free,Summer,V-neck,Sleeveless,Natural,Cotton,null,Patchwork,No
Sexy,Average,5,L,Winter,O-neck,Threequarter,Natural,Polyster,Lace,Geometric,No
Sexy,Average,4.8,Free,Winter,O-neck,Sleeveless,Natural,Polyster,Embroidary,Solid,No
Casual,Average,4.7,S,Summer,V-neck,Short,Natural,Cotton,null,Dot,No
Casual,Average,4.1,M,Autumn,V-neck,Full,?,Cotton,Sashes,Dot,Yes
Casual,Average,5,XL,Autumn,O-neck,Short,Natural,Chiffon,null,Solid,No
Sexy,Average,5,M,Summer,V-neck,Sleeveless,Empire,Cotton,Sequined,Solid,Yes
Work,Average,4.6,L,Summer,Slash-neck,Short,Natural,Cotton,null,Solid,No
Casual,Average,4.5,M,Summer,Peterpan-collor,Sleeveless,?,Chiffon,null,Animal,No
Vintage,Average,4.5,L,Autumn,O-neck,Sleeveless,Empire,Linen,null,Solid,No
Casual,Average,?,M,Summer,O-neck,Threequarter,Natural,Nylon,null,Solid,Yes
Cute,Average,4.7,L,Summer,O-neck,Sleeveless,Natural,Cotton,null,Print,No
Bohemian,Low,4.7,Free,Winter,O-neck,Short,Natural,Nylon,Sashes,Print,No
Casual,Low,5,Free,Spring,Slash-neck,Sleeveless,Empire,Spandex,null,Striped,Yes
Casual,Average,5,M,Winter,O-neck,Sleeveless,Natural,Silk,Sashes,Solid,Yes
Casual,Average,4.3,Free,Summer,O-neck,Sleeveless,Natural,Cotton,null,Striped,No
Work,Low,4.5,M,Winter,V-neck,Threequarter,?,Rayon,null,Patchwork,No
Casual,Average,4.3,S,Spring,Boat-neck,Full,Natural,Cotton,Lace,Patchwork,Yes
Casual,Average,4.4,L,Autumn,O-neck,Half-sleeve,Natural,Cotton,Lace,Animal,No
Sexy,Low,4.3,M,Autumn,Open,Short,Natural,Lace,Lace,Print,No
Casual,Low,4.6,Free,Summer,O-neck,Full,Natural,Cotton,Lace,Solid,Yes
Casual,Low,4.6,L,Winter,O-neck,Full,?,Cotton,null,Dot,No
Casual,Average,4.6,M,Spring,O-neck,Sleeveless,Natural,Chiffon,Sashes,Solid,Yes
Casual,Low,?,Free,Autumn,Peterpan-collor,Threequarter,Empire,Chiffon,null,Print,No
Casual,Average,4.7,S,Spring,O-neck,Half-sleeve,Empire,Cotton,null,Animal,Yes
Casual,Average,?,S,Summer,O-neck,Sleeveless,Empire,Cotton,null,Solid,No
Casual,Low,4.8,Free,Summer,O-neck,Sleeveless,Natural,Cotton,null,Print,Yes
Casual,Average,5,S,Winter,O-neck,Sleeveless,Empire,Polyster,null,Plaid,No
Sexy,Very-high,?,Free,Winter,V-neck,Sleeveless,Natural,Polyster,null,Solid,No
Casual,Low,4.4,Free,Summer,O-neck,Sleeveless,Natural,Polyster,Sashes,Print,No
Casual,Average,4.8,M,Autumn,V-neck,Short,?,Polyster,Embroidary,Print,Yes
Casual,Average,5,Free,Summer,V-neck,Sleeveless,?,Modal,null,Patchwork,No
Sexy,Low,4.8,M,Autumn,V-neck,Full,Natural,Cotton,null,Print,Yes
Casual,Average,4.6,Free,Winter,V-neck,Full,Natural,Cotton,null,Striped,No
Casual,Average,4.6,M,Winter,V-neck,Full,Natural,Chiffon,null,Dot,No
Casual,Low,5,S,Spring,O-neck,Sleeveless,Natural,Chiffon,null,Print,No
Cute,Average,?,M,Winter,O-neck,Short,Natural,Polyster,Sashes,Solid,No
Casual,Low,4.8,Free,Spring,O-neck,Sleeveless,?,Chiffon,null,Print,Yes
Casual,Average,4.6,M,Autumn,O-neck,Short,Empire,Polyster,Applique,Dot,No
Bohemian,Average,5,M,Spring,Slash-neck,Sleeveless,Empire,Rayon,Ruffles,Solid,Yes
Casual,Low,4.9,Free,Winter,O-neck,Sleeveless,Empire,Silk,Sashes,Print,Yes
Casual,Average,4.7,L,Summer,O-neck,Sleeveless,Natural,Silk,Beading,Solid,No
Casual,Medium,4.6,M,Winter,O-neck,Full,Natural,Cashmere,null,Solid,Yes
Casual,Average,4.7,M,Winter,V-neck,Sleeveless,Empire,Polyster,Applique,Print,No
Sexy,Average,4.7,M,Winter,V-neck,Sleeveless,Natural,Polyster,null,Patchwork,No
Casual,Average,3.5,M,Winter,V-neck,Short,Natural,Modal,null,Solid,No
Casual,Average,4.8,M,Winter,O-neck,Threequarter,Natural,Modal,null,Print,Yes
Casual,Average,?,M,Winter,O-neck,Full,Natural,Cotton,Feathers,Solid,Yes
Casual,Low,4.6,M,Summer,O-neck,Sleeveless,Natural,Cotton,Sashes,Striped,No
Casual,Average,4.7,L,Spring,V-neck,Half-sleeve,Natural,Polyster,null,Print,Yes
Casual,Low,4.5,Free,Summer,O-neck,Full,Natural,Cotton,Button,Solid,No
Casual,Average,4.7,M,Summer,O-neck,Sleeveless,Natural,Polyster,null,Character,No
Casual,Low,4.5,M,Winter,O-neck,Short,Natural,Chiffon,null,Solid,No
Casual,Low,4.7,S,Summer,O-neck,Full,Natural,Cotton,null,Patchwork,No
Cute,Low,?,Free,Summer,Boat-neck,Sleeveless,?,Cotton,null,Print,No
Party,Very-high,5,M,Spring,Slash-neck,Sleeveless,Natural,Chiffon,Flowers,Solid,Yes
Casual,Average,4.9,M,Autumn,V-neck,Sleeveless,?,Polyster,null,Solid,Yes
Party,Very-high,?,L,Winter,V-neck,Sleeveless,Natural,Polyster,Beading,Print,No
Party,Very-high,?,M,Winter,V-neck,Cap-sleeves,?,Polyster,Lace,Print,No
Casual,Low,4.4,M,Winter,V-neck,Turndowncollor,?,Cotton,null,Dot,Yes
Party,Very-high,?,M,Spring,V-neck,Threequarter,Natural,Lycra,Applique,Dot,Yes
Party,High,?,M,Winter,Sweetheart,Sleeveless,Natural,Lycra,Pearls,Animal,No
Party,High,?,M,Spring,Sweetheart,Sleeveless,?,Nylon,null,Animal,No
Party,Average,5,M,Winter,O-neck,Cap-sleeves,Empire,Polyster,Lace,Dot,Yes
Party,High,4.7,M,Winter,Sweetheart,Sleeveless,Natural,Nylon,Flowers,Print,No
Party,Average,4.8,Free,Winter,O-neck,Sleeveless,Empire,Nylon,Embroidary,Solid,Yes
Party,Low,4.5,L,Summer,Sweetheart,Full,?,Linen,null,Solid,Yes
Party,Very-high,4.9,M,Spring,Sweetheart,Sleeveless,Empire,Polyster,Beading,Print,Yes
Party,High,4.6,M,Winter,Sweetheart,Sleeveless,Natural,Polyster,null,Animal,No
Party,Average,5,M,Spring,Sweetheart,Sleeveless,Natural,Polyster,null,Dot,Yes
Party,Very-high,4.8,L,Spring,Sweetheart,Sleeveless,Empire,Microfiber,Beading,Animal,Yes
Party,Very-high,?,M,Winter,Sweetheart,Sleeveless,Natural,Polyster,Beading,Solid,Yes
Party,High,4.6,L,Spring,Slash-neck,Sleeveless,Empire,Silk,Beading,Patchwork,No
Party,Average,4.8,L,Spring,Sweetheart,Sleeveless,Empire,Microfiber,Pleat,Patchwork,Yes
Party,Medium,4.6,S,Winter,Scoop,Short,Empire,Modal,Crystal,Solid,No
Party,Very-high,4.9,M,Spring,Sweetheart,Sleeveless,Natural,Silk,Beading,Print,Yes
Party,Medium,4.8,S,Spring,V-neck,Sleeveless,Empire,Modal,null,Animal,Yes
Party,Very-high,4.2,L,Winter,V-neck,Sleeveless,?,Polyster,Lace,Dot,Yes
Casual,Low,4.4,Free,Summer,O-neck,Sleeveless,?,Polyster,null,Patchwork,Yes
Party,Very-high,4.1,M,Winter,Scoop,Short,Natural,Cotton,Applique,Patchwork,Yes
Party,Very-high,?,M,Winter,O-neck,Full,Natural,Silk,Feathers,Dot,Yes
Casual,High,4.6,M,Summer,Sweetheart,Sleeveless,Empire,Silk,Beading,Solid,Yes
Party,Average,4.7,Free,Winter,O-neck,Sleeveless,?,Polyster,null,Animal,No
Party,Very-high,4.7,L,Winter,Slash-neck,Sleeveless,Empire,Viscos,Beading,Patchwork,Yes
Party,Very-high,4.5,M,Spring,V-neck,Cap-sleeves,?,Viscos,Lace,Patchwork,Yes
Party,Average,4.7,Free,Spring,Sweetheart,Sleeveless,Empire,Rayon,Beading,Solid,Yes
Party,High,4.8,M,Summer,Sweetheart,Sleeveless,Princess,Rayon,null,Print,Yes
Party,High,4.6,M,Summer,Slash-neck,Sleeveless,Natural,Linen,null,Print,Yes
Party,Medium,4.7,M,Winter,O-neck,Sleeveless,Empire,Cotton,Button,Solid,Yes
Cute,Average,4.4,Free,Spring,Sweetheart,Sleeveless,Empire,Spandex,Ruched,Solid,Yes
Party,Average,5,M,Spring,O-neck,Sleeveless,?,Spandex,null,Animal,Yes
Party,Very-high,4.8,Free,Spring,Sweetheart,Sleeveless,Natural,Polyster,Beading,Animal,Yes
Party,Medium,4.8,M,Spring,O-neck,Sleeveless,Natural,Silk,Crystal,Patchwork,Yes
Party,Very-high,4.9,L,Spring,Slash-neck,Sleeveless,?,Cotton,Flowers,Patchwork,Yes
Party,Medium,?,Free,Winter,V-neck,Short,Empire,Cotton,Lace,Dot,Yes
Work,Average,5,Free,Winter,O-neck,Half-sleeve,?,Microfiber,null,Dot,No
Party,Very-high,4.9,M,Spring,V-neck,Sleeveless,Empire,Microfiber,Beading,Solid,Yes
Casual,High,5,Free,Summer,V-neck,Sleeveless,Natural,Nylon,null,Animal,Yes
Casual,Very-high,?,S,Spring,O-neck,Full,?,Modal,Applique,Patchwork,No
Casual,Medium,4.7,M,Spring,O-neck,Sleeveless,Natural,Cotton,Bow,Print,Yes
Party,Average,?,M,Spring,V-neck,Sleeveless,Natural,Modal,null,Patchwork,Yes
Casual,Average,4.4,Free,Summer,Slash-neck,Sleeveless,Empire,Cotton,null,Animal,Yes
Casual,Very-high,4.6,M,Winter,O-neck,Short,Natural,Cotton,Flowers,Solid,Yes
Casual,Low,4.4,Free,Winter,Halter,Sleeveless,Natural,Cotton,Draped,Patchwork,Yes
Party,High,4.5,M,Winter,O-neck,Sleeveless,?,Silk,null,Print,Yes
Casual,Average,4.8,Free,Summer,O-neck,Sleeveless,Natural,Silk,null,Solid,No
Sexy,Average,5,M,Summer,O-neck,Sleeveless,Natural,Polyster,Rivet,Dot,No
Vintage,Average,4.9,Free,Summer,O-neck,Turndowncollor,Empire,Polyster,null,Print,No
Vintage,Average,4.7,S,Summer,Turndowncollor,Short,Empire,Cotton,null,Animal,No
Work,Average,4.9,M,Summer,Square-collor,Half-sleeve,Empire,Polyster,Sashes,Solid,No
Casual,Low,4.7,L,Spring,O-neck,Short,Natural,Chiffon,null,Solid,No
Casual,Average,4.8,L,Autumn,O-neck,Short,Natural,Cashmere,null,Animal,No
Sexy,Low,4.7,Free,Spring,V-neck,Sleeveless,?,Chiffon,Sequined,Animal,Yes
Casual,Average,?,S,Winter,Slash-neck,Half-sleeve,Natural,Nylon,null,Print,No
Casual,Average,4.2,S,Winter,V-neck,Sleeveless,Empire,Cashmere,Hollowout,Patchwork,No
Novelty,Average,?,Free,Summer,O-neck,Full,Natural,Cotton,Hollowout,Solid,No
Casual,Low,4.3,Free,Summer,Backless,Sleeveless,Empire,Chiffon,Crystal,Solid,No
Casual,Average,3.7,M,Summer,Boat-neck,Sleeveless,Natural,Linen,null,Solid,No
Casual,Average,5,Free,Winter,O-neck,Sleeveless,Natural,Polyster,Lace,Animal,Yes
Sexy,Low,5,Free,Spring,V-neck,Sleeveless,Empire,Cashmere,null,Animal,No
Cute,Low,?,Free,Winter,O-neck,Sleeveless,Natural,Microfiber,null,Print,No
Vintage,Average,4.8,M,Summer,V-neck,Full,Natural,Rayon,null,Animal,Yes
Bohemian,Average,4.8,L,Winter,O-neck,Sleeveless,Natural,Polyster,null,Solid,No
Bohemian,Average,?,Free,Spring,O-neck,Sleeveless,Natural,Rayon,null,Striped,Yes
Sexy,Average,4.5,M,Summer,Bowneck,Sleeveless,?,Cotton,null,Solid,No
Novelty,Medium,4.2,M,Winter,O-neck,Half-sleeve,Natural,Polyster,Hollowout,Animal,Yes
Casual,Low,5,Free,Spring,V-neck,Full,Natural,Cotton,null,Solid,Yes
Casual,Average,5,L,Winter,O-neck,Threequarter,Natural,Polyster,Applique,Solid,No
Casual,Low,4.8,M,Winter,V-neck,Sleeveless,Natural,Polyster,null,Print,No
Bohemian,Low,5,Free,Spring,O-neck,Short,Natural,Nylon,Sashes,Print,Yes
Casual,Low,5,Free,Spring,Bowneck,Sleeveless,Natural,Silk,Applique,Print,No
Casual,Low,5,M,Spring,O-neck,Sleeveless,Natural,Chiffon,null,Solid,Yes
Cute,Average,4.3,M,Summer,Bowneck,?,Natural,Cotton,null,Solid,No
Novelty,Average,?,Free,Winter,O-neck,Short,Natural,Polyster,Lace,Dot,Yes
Cute,Low,?,L,Spring,O-neck,Sleeveless,Empire,Cotton,null,Dot,Yes
Sexy,Low,4.8,Free,Spring,Slash-neck,Sleeveless,Natural,Cotton,Sequined,Solid,No
Sexy,Low,4.8,Free,Summer,Slash-neck,Sleeveless,Empire,Silk,Lace,Solid,No
Casual,Low,4.4,M,Winter,O-neck,Sleeveless,Natural,Polyster,null,Solid,No
Casual,Average,4.5,M,Winter,O-neck,Sleeveless,Natural,Polyster,Ruched,Striped,No
Casual,Low,4.7,S,Summer,O-neck,Full,Natural,Cotton,null,Patchwork,No
Casual,Low,4.4,Free,Spring,O-neck,Sleeveless,Natural,Polyster,Sashes,Print,No
Work,Average,4.9,M,Winter,Slash-neck,Short,Natural,Polyster,Ruffles,Solid,No
Cute,Medium,4.6,Free,Spring,O-neck,Short,Natural,Chiffon,Hollowout,Solid,Yes
Casual,Low,4.7,Free,Spring,O-neck,Half-sleeve,Natural,Silk,Sashes,Print,No
Casual,Low,4.7,M,Winter,O-neck,Full,Empire,Polyster,null,Print,Yes
Casual,Average,4.8,M,Spring,O-neck,Sleeveless,Natural,Cotton,Hollowout,Print,No
Sexy,Low,4.8,L,Summer,O-neck,Sleeveless,Natural,Cotton,null,Solid,Yes
Casual,Average,4.3,M,Spring,O-neck,Half-sleeve,?,Nylon,null,Dot,Yes
Casual,Average,4.7,XL,Winter,V-neck,Short,Empire,Milksilk,null,Print,No
Casual,Low,?,L,Winter,V-neck,Full,?,Linen,null,Solid,No
Sexy,Average,4.7,M,Autumn,Slash-neck,Sleeveless,Natural,Nylon,Rivet,Solid,No
Casual,Low,4.7,Free,Winter,O-neck,Sleeveless,Natural,Silk,null,Dot,Yes
Casual,High,?,L,Winter,V-neck,Full,?,Polyster,null,Solid,No
Casual,Low,4.7,L,Summer,O-neck,Sleeveless,Natural,Silk,Lace,Patchwork,No
Casual,Average,4.7,Free,Summer,V-neck,Full,Natural,Cotton,Sashes,Solid,No
Casual,Average,?,Free,Winter,V-neck,Full,?,Cashmere,null,Solid,Yes
Casual,Low,4.7,Free,Summer,O-neck,Cap-sleeves,Natural,Chiffon,null,Print,Yes
Casual,Average,4.7,M,Summer,O-neck,Threequarter,?,Chiffon,Ruched,Solid,No
Sexy,Low,4.5,Free,Summer,Slash-neck,Sleeveless,?,Polyster,null,Print,No
Vintage,Low,4,Free,Summer,Turndowncollor,Short,Natural,Cotton,Hollowout,Solid,No
Sexy,Low,4.7,Free,Summer,V-neck,Sleeveless,?,Cashmere,null,Animal,No
Bohemian,Low,5,Free,Summer,O-neck,Sleeveless,Empire,Cotton,Tassel,Print,Yes
Casual,Low,4.7,S,Winter,O-neck,Sleeveless,Natural,Knitting,Lace,Solid,No
Sexy,Average,4.5,S,Winter,V-neck,Sleeveless,?,Polyster,null,Animal,No
Cute,Average,4.7,M,Summer,O-neck,Sleeveless,Natural,Chiffon,Sashes,Splice,No
Vintage,Low,?,Free,Summer,O-neck,Sleeveless,Natural,Cotton,null,Print,Yes
Casual,Average,4.1,L,Winter,O-neck,Sleeveless,Natural,Polyster,null,Dot,Yes
Casual,Average,4.2,M,Winter,V-neck,Full,Empire,Polyster,Lace,Patchwork,Yes
Brief,Average,4.8,Free,Winter,V-neck,Half-sleeve,Natural,Polyster,null,Solid,No
Brief,Average,4.9,Free,Winter,O-neck,Sleeveless,Natural,Knitting,null,Solid,No
Sexy,Average,4.8,S,Winter,V-neck,Sleeveless,Empire,Polyster,Lace,Solid,No
Casual,Average,4.7,L,Winter,O-neck,Sleeveless,Natural,Polyster,null,Patchwork,No
Vintage,Average,4.7,M,Summer,V-neck,Short,Natural,Rayon,Beading,Print,No
Casual,Average,4.8,Free,Summer,O-neck,Sleeveless,Natural,Cotton,Sashes,Solid,No
Sexy,Low,4.7,M,Winter,V-neck,Sleeveless,Natural,Polyster,null,Striped,No
Casual,Average,5,S,Spring,Turndowncollor,Full,Empire,Cotton,null,Solid,No
Casual,Low,1,M,Spring,O-neck,Half-sleeve,?,Modal,null,Animal,No
Sexy,Average,4.1,Free,Summer,V-neck,Sleeveless,Natural,Cotton,Lace,Print,Yes
Casual,Low,4,Free,Summer,V-neck,Sleeveless,Natural,Cotton,Hollowout,Print,No
Work,Average,4.7,M,Spring,V-neck,Sleeveless,?,Microfiber,null,Dot,Yes
Cute,Average,4.6,Free,Spring,V-neck,Full,Natural,Cotton,null,Solid,Yes
Casual,Low,5,M,Spring,O-neck,Sleeveless,Natural,Spandex,null,Print,No
Casual,Average,4.7,M,Autumn,V-neck,Sleeveless,Natural,Spandex,null,Striped,Yes
Casual,Low,4.6,Free,Winter,O-neck,Full,Natural,Polyster,Applique,Solid,No
Casual,Average,4.5,L,Summer,O-neck,Short,Natural,Cotton,Pockets,Solid,No
Cute,Average,4.6,M,Autumn,O-neck,Threequarter,Natural,Silk,Sashes,Print,No
Casual,Low,4.6,Free,Autumn,O-neck,Half-sleeve,Natural,Chiffon,null,Leopard,Yes
Casual,Low,4.7,L,Summer,?,Sleeveless,?,Cotton,null,Solid,Yes
Sexy,Low,?,L,Summer,O-neck,Sleeveless,Empire,Silk,null,Striped,No
Bohemian,Average,4,Free,Winter,O-neck,Sleeveless,Natural,Polyster,Ruffles,Striped,No
Casual,Low,4.7,Free,Summer,O-neck,Full,Natural,Cotton,null,Solid,Yes
Work,Average,?,M,Summer,V-neck,Sleeveless,Natural,Cotton,null,Solid,Yes
Bohemian,Average,4.1,Free,Summer,O-neck,Threequarter,?,Silk,Hollowout,Animal,No
Casual,Average,?,M,Spring,O-neck,Half-sleeve,Natural,Spandex,Lace,Solid,No
Brief,Low,4.6,M,Summer,O-neck,Short,Natural,Cotton,null,Animal,No
Cute,Low,?,Free,Spring,V-neck,Sleeveless,Empire,Chiffon,null,Dot,Yes
Casual,Average,5,M,Spring,O-neck,Threequarter,?,Spandex,null,Dot,No
Casual,Low,5,Free,Winter,O-neck,Full,Natural,Wool,Applique,Solid,No
Vintage,Average,4.5,L,Winter,O-neck,Short,Empire,Wool,Sequined,Patchwork,Yes
Casual,Average,4.5,Free,Summer,O-neck,Short,Natural,Polyster,null,Solid,No
Bohemian,Low,4.4,L,Summer,Bowneck,Short,Natural,Cotton,null,Dot,No
Casual,High,?,L,Winter,V-neck,Threequarter,Natural,Polyster,Ruffles,Solid,Yes
Casual,Average,4.8,Free,Winter,O-neck,Sleeveless,?,Polyster,Sashes,Solid,No
Brief,Low,4.7,M,Winter,O-neck,Full,Natural,Cotton,null,Patchwork,No
Casual,Medium,?,Free,Winter,Bowneck,Full,?,Cashmere,null,Solid,Yes
Casual,Average,4.7,M,Winter,O-neck,Short,Empire,Polyster,null,Animal,No
Party,Average,?,M,Summer,O-neck,Full,Natural,Cotton,null,Patchwork,Yes
Bohemian,Average,4.8,S,Summer,V-neck,Short,Natural,Cotton,null,Solid,No
Sexy,Average,4.9,Free,Summer,Square-collor,Sleeveless,Natural,Polyster,Sashes,Print,No
Casual,Average,3,M,Spring,Turndowncollor,Short,Empire,Polyster,Sashes,Patchwork,No
Casual,Low,4.7,L,Autumn,O-neck,Short,Natural,Polyster,null,Patchwork,Yes
Casual,Average,4.3,M,Autumn,O-neck,Sleeveless,Natural,Polyster,Plain,Solid,No
Casual,Average,?,XL,Winter,V-neck,Short,Empire,Polyster,Pockets,Solid,Yes
Casual,Low,5,Free,Summer,O-neck,Sleeveless,Natural,Modal,Plain,Solid,Yes
Vintage,Average,?,L,Summer,Square-collor,Short,Empire,Cotton,null,Dot,Yes
Casual,Low,4.7,Free,Winter,O-neck,Sleeveless,Natural,Milksilk,null,Animal,No
Vintage,Average,5,M,Summer,V-neck,Threequarter,Natural,Polyster,null,Print,No
Casual,Low,4.7,L,Summer,O-neck,Full,Natural,Mix,Lace,Patchwork,Yes
Bohemian,Average,4.6,M,Spring,O-neck,Sleeveless,Natural,Chiffon,Sashes,Solid,No
Party,Average,4.8,M,Summer,O-neck,Full,?,Cotton,null,Solid,Yes
Bohemian,Low,4.6,Free,Summer,V-neck,Sleeveless,Natural,Cotton,Beading,Solid,No
Party,Very-high,4.6,Free,Summer,O-neck,Sleeveless,Empire,Rayon,Hollowout,Solid,No
Cute,Low,4.8,M,Spring,O-neck,Short,Natural,Chiffon,Bow,Dot,Yes
Vintage,Average,?,M,Spring,O-neck,Half-sleeve,Empire,Polyster,Lace,Animal,No
Casual,Medium,4.9,L,Winter,O-neck,Short,Natural,Cotton,Sashes,Solid,No
Casual,Average,4.2,Free,Summer,O-neck,Sleeveless,Natural,Cotton,null,Striped,Yes
Casual,Average,4.9,M,Summer,O-neck,Short,Dropped,Cotton,Ruffles,Patchwork,No
Bohemian,Low,5,XL,Spring,V-neck,Threequarter,Natural,Mix,null,Print,Yes
Casual,Average,4.7,M,Summer,O-neck,Sleeveless,?,Cotton,null,Dot,No
Casual,Average,?,Free,Summer,Bowneck,Half-sleeve,?,Cotton,null,Animal,No
Casual,Average,?,Free,Summer,O-neck,Sleeveless,Natural,Cotton,Lace,Floral,No
Sexy,Medium,?,Free,Winter,O-neck,Sleeveless,Natural,Polyster,Sequined,Solid,No
Sexy,Low,4.4,Free,Autumn,V-neck,Sleeveless,Natural,Cotton,Lace,Solid,No
Sexy,Average,?,Free,Spring,V-neck,Full,Natural,Cotton,Lace,Solid,Yes
Brief,Average,4.9,XL,Spring,Slash-neck,Full,Natural,Modal,Sashes,Solid,No
Casual,Average,4.7,XL,Summer,V-neck,Half-sleeve,Natural,Microfiber,null,Print,Yes
Casual,Average,?,Free,Autumn,V-neck,Full,Natural,Cotton,Lace,Solid,No
Casual,Average,4.8,M,Summer,V-neck,Full,Natural,Silk,null,Dot,No
Casual,Medium,4.9,L,Spring,Square-collor,Sleeveless,Empire,Spandex,null,Print,No
Party,Average,4.7,M,Spring,O-neck,Half-sleeve,Empire,Viscos,null,Patchwork,No
Sexy,Low,4.4,Free,Summer,Bowneck,Sleeveless,Natural,Viscos,Bow,Solid,No
Bohemian,Low,4.6,Free,Winter,O-neck,Sleeveless,Empire,Polyster,null,Patchwork,Yes
Casual,Low,4.6,Free,Autumn,O-neck,Full,Natural,Rayon,Lace,Solid,Yes
Sexy,Low,4.5,Free,Summer,O-neck,Sleeveless,Empire,Cotton,Sashes,Solid,Yes
Sexy,Low,?,Free,Winter,V-neck,?,Dropped,Cotton,Lace,Patchwork,Yes
Casual,Average,?,XL,Spring,Bowneck,Sleeveless,Natural,Mix,Lace,Solid,No
Sexy,Average,?,Free,Autumn,O-neck,Full,Natural,Polyster,Hollowout,Solid,No
Sexy,Low,4.8,Free,Spring,V-neck,Sleeveless,Natural,Modal,null,Striped,Yes
Brief,Low,4.7,Free,Autumn,O-neck,Sleeveless,Natural,Modal,Sequined,Solid,No
Sexy,High,5,M,Summer,V-neck,Sleeveless,Natural,Mix,null,Striped,No
Casual,Average,4.6,L,Summer,Bowneck,Full,Dropped,Cotton,null,Patchwork,No
Cute,Medium,4.9,S,Summer,Bowneck,Sleeveless,Empire,Cotton,Bow,Patchwork,Yes
Novelty,Average,4.9,M,Autumn,O-neck,Short,Natural,Polyster,null,Print,No
Casual,Low,4.3,Free,Spring,O-neck,Full,?,Chiffon,Sashes,None,Yes
Casual,Low,4.7,S,Autumn,O-neck,Sleeveless,Natural,Cotton,null,Solid,No
Casual,Average,4.8,L,Autumn,Boat-neck,Sleeveless,Natural,Polyster,Sashes,Solid,No
Cute,Average,4.5,L,Winter,V-neck,Sleeveless,Natural,Polyster,Sashes,Solid,Yes
Casual,Average,4.4,Free,Summer,O-neck,Cap-sleeves,Natural,Cotton,null,Solid,No
Party,Average,?,M,Spring,O-neck,Sleeveless,?,Cotton,null,Solid,Yes
Sexy,Low,?,Free,Summer,V-neck,Sleeveless,Dropped,Polyster,null,Dot,Yes
Casual,Low,4.8,L,Summer,V-neck,Threequarter,Natural,Cotton,null,Print,No
Work,Average,5,M,Summer,O-neck,Sleeveless,Natural,Silk,null,Solid,Yes
Novelty,Average,5,Free,Summer,O-neck,Sleeveless,Natural,Silk,null,Print,No
Casual,Low,4.6,Free,Spring,V-neck,Sleeveless,Natural,Silk,Draped,Solid,No
Casual,Average,4.5,M,Summer,O-neck,Full,Natural,Cotton,Lace,Solid,No
Casual,Average,4.5,L,Spring,Boat-neck,Threequarter,Natural,Chiffon,Lace,Animal,Yes
Casual,Average,4.5,Free,Autumn,O-neck,Half-sleeve,Natural,Cotton,Hollowout,Solid,Yes
Cute,Low,?,M,Summer,Boat-neck,Short,?,Microfiber,Sashes,Patchwork,No
Party,Average,4.9,M,Winter,O-neck,Half-sleeve,?,Cotton,Lace,Print,Yes
Casual,Average,4.8,M,Summer,O-neck,Half-sleeve,?,Polyster,null,Solid,No
Casual,Low,4.4,L,Summer,O-neck,Sleeveless,Natural,Cotton,null,Solid,No
Casual,Average,4.3,M,Winter,Slash-neck,Sleeveless,Natural,Polyster,Sashes,Solid,No
Cute,Average,4.7,L,Summer,O-neck,Sleeveless,Natural,Polyster,Lace,Solid,No
Sexy,Average,?,S,Summer,V-neck,Sleeveless,?,Cotton,null,Animal,Yes
Casual,Low,4.4,Free,Summer,O-neck,Sleeveless,?,Silk,null,Animal,No
Cute,High,4.3,M,Spring,Boat-neck,Full,Natural,Polyster,Lace,Solid,Yes
Work,Average,4.8,M,Winter,Turndowncollor,Full,Natural,Silk,null,Solid,No
Casual,Average,4.6,M,Spring,O-neck,Half-sleeve,Natural,Polyster,Lace,Solid,No
Sexy,Low,?,Free,Summer,V-neck,Sleeveless,Empire,Cotton,null,Solid,No
Casual,High,4.9,XL,Winter,V-neck,Full,Empire,Cotton,Sequined,Solid,No
Sexy,Low,?,Free,Winter,O-neck,Sleeveless,Natural,Lycra,Hollowout,Solid,No
Cute,Average,5,M,Autumn,V-neck,Sleeveless,Natural,Cotton,null,Solid,No
Cute,Low,?,Free,Spring,V-neck,Sleeveless,Natural,Silk,Lace,Patchwork,Yes
Casual,Low,4.4,Free,Summer,O-neck,Full,Natural,Cotton,Pockets,Solid,No
Casual,Average,?,L,Spring,O-neck,Sleeveless,Natural,Chiffon,Sequined,Solid,No
Cute,Average,4.7,M,Spring,O-neck,Full,Natural,Rayon,Beading,Solid,Yes
Casual,Average,4.6,M,Winter,V-neck,Half-sleeve,Natural,Silk,Sashes,Solid,Yes
Casual,Low,4.4,Free,Summer,O-neck,Full,Natural,Cotton,null,Solid,Yes
Casual,Low,5,M,Autumn,O-neck,Sleeveless,Empire,Lycra,null,Print,Yes
Casual,Average,?,Free,Winter,O-neck,Short,Natural,Polyster,Cascading,Solid,No
Sexy,Average,?,Free,Winter,Slash-neck,Sleeveless,Natural,Cotton,Sequined,Solid,Yes
Casual,Low,4.4,M,Summer,O-neck,Half-sleeve,Empire,Chiffon,Bow,Solid,No
Cute,Average,?,L,Summer,O-neck,Sleeveless,Empire,Cotton,Lace,Solid,Yes
Casual,Low,4.8,Free,Winter,Bowneck,Full,Natural,Polyster,Bow,Solid,No
Casual,Average,5,L,Summer,O-neck,Sleeveless,Natural,Cotton,null,Animal,Yes
Cute,Average,4.6,M,Spring,O-neck,Half-sleeve,Natural,Acrylic,null,Print,No
Bohemian,Low,4.6,Free,Summer,O-neck,Sleeveless,Natural,Cotton,null,Solid,Yes
Brief,Average,4.7,M,Winter,O-neck,Half-sleeve,Natural,Acrylic,null,Striped,No
Casual,Low,4.7,M,Spring,O-neck,Full,Natural,Polyster,null,Solid,Yes
Sexy,Low,4.3,Free,Summer,O-neck,Full,Empire,Cotton,null,Striped,No
Casual,Average,4.7,M,Summer,V-neck,Full,Empire,Cotton,Lace,Solid,Yes
Casual,Average,4.6,L,Winter,Boat-neck,Sleeveless,Empire,Silk,Applique,Print,Yes
Casual,Low,4.4,Free,Summer,V-neck,Short,Empire,Cotton,Lace,Solid,No
